fold_0,fold_1,fold_2,fold_3,fold_4,mean
0.8367616428658944,0.8076151761517616,0.7990514905149052,0.802439024390244,0.7986991869918699,0.8089133041829351
