fold_0,fold_1,fold_2,fold_3,fold_4,mean
0.8975222071665161,0.883840786767566,0.8790409334789104,0.8824579325325546,0.8849225487701604,0.8855568817431415
