fold_0,fold_1,fold_2,fold_3,fold_4,mean
0.8086708203530634,0.8068535825545171,0.8058151609553479,0.7978193146417446,0.7996884735202492,0.8037694704049845
