fold_0,fold_1,fold_2,fold_3,fold_4,mean
0.7819314641744548,0.7538940809968847,0.7398753894080997,0.7414330218068536,0.7663551401869159,0.7566978193146416
