fold_0,fold_1,fold_2,fold_3,fold_4,mean
0.8405172413793103,0.8252947481243301,0.8216216216216216,0.8352816153028694,0.8297872340425533,0.830500492094137
