fold_0,fold_1,fold_2,fold_3,fold_4,mean
0.8494623655913978,0.8297413793103449,0.8190682556879739,0.8211206896551725,0.8424369747899159,0.832365933006961
