fold_0,fold_1,fold_2,fold_3,fold_4,mean
0.9038901601830663,0.8830275229357798,0.877030162412993,0.8738532110091743,0.8717391304347826,0.8819080373951593
