fold_0,fold_1,fold_2,fold_3,fold_4,mean
0.896551724137931,0.873015873015873,0.8775981524249422,0.8752783964365256,0.8705357142857143,0.8785959720601972
