fold_0,fold_1,fold_2,fold_3,fold_4,mean
0.7910750507099391,0.782520325203252,0.7723577235772358,0.7987804878048781,0.7926829268292683,0.7874833028249146
