fold_0,fold_1,fold_2,fold_3,fold_4,mean
0.8012170385395537,0.782520325203252,0.7682926829268293,0.774390243902439,0.8150406504065041,0.7882921881957157
