fold_0,fold_1,fold_2,fold_3,fold_4,mean
0.8716463414634146,0.8687646839874482,0.873474582234993,0.8685196505772699,0.8727767881291912,0.8710364092784634
