fold_0,fold_1,fold_2,fold_3,fold_4,mean
0.7963395638629284,0.7904984423676013,0.7959501557632399,0.7901090342679128,0.7951713395638629,0.793613707165109
