excretory system,respiratory system,breast,others,digestive system,mean
0.6493643198906358,0.7521238695533022,0.6479552724100557,0.9044117647058824,0.7152611044417768,0.7338232662003306
