excretory system,respiratory system,breast,others,digestive system,mean
0.6852173913043478,0.8571428571428571,0.7716584158415841,0.6363636363636364,0.7297297297297297,0.7360224060764311
