excretory system,respiratory system,breast,others,digestive system,mean
0.7977900552486188,0.9095890410958904,0.8648255813953487,0.6818181818181818,0.8195615514333896,0.814716882198286
