excretory system,respiratory system,breast,others,digestive system,mean
0.7999999999999999,0.9194139194139195,0.8649835345773876,0.7272727272727273,0.826388888888889,0.8276118140305847
