excretory system,respiratory system,breast,others,digestive system,mean
0.6942307692307692,0.8877005347593583,0.794392523364486,0.5357142857142857,0.7570093457943925,0.7338094917726583
