excretory system,respiratory system,breast,others,digestive system,mean
0.6961538461538461,0.899641577060932,0.7991886409736308,0.5714285714285714,0.7828947368421053,0.7498614744918172
