excretory system,respiratory system,breast,others,digestive system,mean
0.9376623376623376,0.9325842696629213,0.94896331738437,0.9375,0.8933823529411765,0.930018455530161
