excretory system,respiratory system,breast,others,digestive system,mean
0.9402597402597402,0.9400749063670412,0.9425837320574163,1.0,0.875,0.9395836757368397
