fold_0,fold_1,fold_2,fold_3,fold_4,mean
0.8348909657320872,0.8504672897196262,0.8426791277258567,0.8317757009345794,0.839563862928349,0.8398753894080997
