fold_0,fold_1,fold_2,fold_3,fold_4,mean
1.0,0.9996538594669436,1.0,1.0,1.0,0.9999307718933889
