fold_0,fold_1,fold_2,fold_3,fold_4,mean
1.0,0.9999996650836286,1.0,1.0,1.0,0.9999999330167256
