fold_0,fold_1,fold_2,fold_3,fold_4,mean
0.8538600814081707,0.8700271002710027,0.8614227642276422,0.8666666666666668,0.8650271002710028,0.8634007425688971
