fold_0,fold_1,fold_2,fold_3,fold_4,mean
0.8953140578265203,0.8954635108481263,0.900883218842002,0.8891089108910892,0.8895405669599218,0.8940620530735319
