fold_0,fold_1,fold_2,fold_3,fold_4,mean
0.894,0.9056974459724951,0.9004926108374384,0.8937007874015749,0.8995121951219512,0.898680607866692
