fold_0,fold_1,fold_2,fold_3,fold_4,mean
0.8816568047337278,0.876425855513308,0.8738049713193117,0.8664122137404581,0.8649155722326454,0.8726430835078902
