fold_0,fold_1,fold_2,fold_3,fold_4,mean
0.8803921568627451,0.8697318007662835,0.8709677419354839,0.8667953667953668,0.8568738229755178,0.8689521778670795
