fold_0,fold_1,fold_2,fold_3,fold_4,mean
0.9066937119675457,0.9369918699186992,0.9288617886178862,0.9227642276422764,0.9369918699186992,0.9264606936130214
