fold_0,fold_1,fold_2,fold_3,fold_4,mean
0.9107505070993914,0.9227642276422764,0.9329268292682927,0.9126016260162602,0.9247967479674797,0.92076798759874
