excretory system,respiratory system,breast,others,digestive system,mean
0.7971935398464389,0.7971772085729221,0.8128885205138832,0.8619869125520524,0.8004344284550639,0.8139361219880721
