excretory system,respiratory system,breast,others,digestive system,mean
0.8966606753909085,0.8854225484660267,0.9061167975665646,0.9323242198261681,0.8901152141017814,0.9021278910702899
