excretory system,respiratory system,breast,others,digestive system,mean
0.6638824333561176,0.6577829542340368,0.6129622776177006,0.849264705882353,0.6401185474189676,0.6848021837018352
