excretory system,respiratory system,breast,others,digestive system,mean
0.688695652173913,0.7483766233766234,0.6961633663366337,0.6666666666666666,0.7243243243243244,0.7048453265756323
