excretory system,respiratory system,breast,others,digestive system,mean
0.7949599083619703,0.8451548451548452,0.8027320208919245,0.7317073170731707,0.8282828282828283,0.8005673839529479
