excretory system,respiratory system,breast,others,digestive system,mean
0.7772397094430993,0.8144329896907216,0.7411814704632385,0.6829268292682927,0.8266666666666665,0.7684895331064038
