excretory system,respiratory system,breast,others,digestive system,mean
0.7278911564625851,0.9059633027522935,0.7934485896269335,0.56,0.7560975609756098,0.7486801219634843
