excretory system,respiratory system,breast,others,digestive system,mean
0.7110655737704918,0.9057815845824411,0.8089068825910931,0.6,0.7639751552795031,0.7579458392447058
