excretory system,respiratory system,breast,others,digestive system,mean
0.9012987012987013,0.7921348314606742,0.7966507177033493,0.9375,0.9044117647058824,0.8663992030337214
