excretory system,respiratory system,breast,others,digestive system,mean
0.8337662337662337,0.7397003745318352,0.6953748006379585,0.875,0.9117647058823529,0.8111212229636762
