excretory system,respiratory system,breast,others,digestive system,mean
0.8836830150178718,0.8655716251889624,0.8620150757103803,0.8735805200755418,0.8772391492443365,0.8724178770474186
