excretory system,respiratory system,breast,others,digestive system,mean
0.7908918406072106,0.7814186584425598,0.7791718946047679,0.7950897072710104,0.8038732394366197,0.7900890680724337
